id,gc,profile,anneal_c,ref_kind,of_amplicon,of_forward,of_fwd_selfdimer_anneal,of_fwd_selfdimer_ok,of_fwd_tm_OA,of_fwd_tm_disp,of_fwd_tm_vs_OA,of_probe,of_rev_tm_vs_OA,of_reverse,ref_forward,ref_fwd_admitted,ref_fwd_gc_in_profile,ref_fwd_reject_reason,ref_fwd_tm_OA,ref_fwd_tm_disp,ref_fwd_tm_in_profile,ref_fwd_tm_vs_OA,ref_locates,ref_rev_admitted,ref_rev_reject_reason,ref_reverse
plas_cytb_ATrich,26.8,parasite_mtdna,54,hand,122,ATGGGTTATGTATTACCTTGG,1.87,True,56.5,56.56,0.06,TAACTGTAGCACCCCAGAAACTCATTT,0.014,GGGTCACTTACAAGATATCC,,,,,,,,,,,,
HMBS_host_balanced,52.8,idt_taqman,60,golden,135,ACTTCTGAGCAAGGGAGCAA,-0.93,True,63.7,63.67,0.028,CCCAGGCTCAGCGGGCATCATTG,0.044,GTGAGGATAGTGATGTACCTGCA,,,,,,,,,,,,
SDHA_intron_spanning,50.0,idt_taqman,60,hand,130,ACTCCAAGAAGGCTGTGAGAAA,-1.57,True,63.5,63.53,0.027,CAAGGGTCTCCACCAAGTCAGTGTTCCAC,0.029,ACAGAGCATCAGGTTCTGCA,,,,,,,,,,,,
Mtb_rpoB_GCrich,61.9,gc_rich,60,hand,148,AGCGTCAAGGTGATCCCGA,-0.24,True,65.8,65.77,0.034,CTTGTCGACGTCAAACTCGAGCCACGCG,0.031,CGACAATCTGCTCGCTGGTC,,,,,,,,,,,,
human_ACTB_published,55.2,sybr_generic,60,published,109,TCAAGATCATTGCTCCTCCTG,-0.91,True,61.6,61.57,0.032,,0.039,TCATACTCCTGCTTGCTGATC,CATGTACGTTGCTATCCAGGC,False,True,3'GC-clamp 4>3,63.1,63.09,True,0.008,True,False,3'-T disallowed,CTCCTTAATGTCACGCACGAT
human_GAPDH,56.1,idt_taqman,60,hand,108,CACCAGGGCTGCTTTTAACTC,-1.11,True,63.5,63.56,0.056,CCATCAATGACCCCTTCATTGACCTCAACT,0.028,CCATGGGTGGAATCATATTGGAAC,,,,,,,,,,,,
human_B2M,39.1,idt_taqman,60,hand,106,ATCCAGCGTACTCCAAAGATTCA,0.19,True,63.5,63.47,0.029,CCATTCTCTGCTGGATGACGTGAGTAAACC,0.016,CAATGTCGGATGGATGAAACCC,,,,,,,,,,,,
human_HPRT1,40.4,idt_taqman,60,hand,96,TCGAGATGTGATGAAGGAGATGG,-0.7,True,63.5,63.47,0.031,CACATTGTAGCCCTCTGTGTGCTCAAGGG,0.028,ATGTAATCCAGCAGGTCAGCA,,,,,,,,,,,,
human_TBP,46.6,idt_taqman,60,hand,105,AGGAATTGAGGAAGTTGCTGAGA,-1.92,True,63.4,63.45,0.055,CTTGCGCTGGAACTCGTCTCACTATTCAAT,0.042,TTCTTCTTGGCAAACCAGAAACC,,,,,,,,,,,,
human_GUSB,55.5,idt_taqman,60,hand,103,TGCGTCCCACCTAGAATCTG,-0.42,True,63.7,63.67,0.035,CCTTGGACCCCTCCCGGCC,0.022,GTTAGAGTTGCTCACAAAGGTCAC,,,,,,,,,,,,
human_RPLP0,53.0,idt_taqman,60,hand,103,GAAATGTTTCATTGTGGGAGCAGA,2.07,True,63.4,63.37,0.026,TCCAAGCAGATGCAGCAGATCCGCA,0.02,GGTGTTCTTGCCCATCAGC,,,,,,,,,,,,
human_PPIA,46.0,idt_taqman,60,hand,84,ATCTGCACTGCCAAGACTGA,-0.17,True,63.7,63.67,0.029,CAAACACCACATGCTTGCCATCCAACCAC,0.023,GGCCTCCACAATATTCATGCC,,,,,,,,,,,,
Tgondii_B1,48.1,idt_taqman,60,hand,126,GTCGCACCAAAACTGGCTAG,-0.82,True,63.6,63.62,0.024,TTTGGTGGTTCACTCCATCTCTCGTCTTCT,0.036,GGGCAATGCTTCTGCACAA,,,,,,,,,,,,
Pfal_18S,35.6,idt_taqman,60,hand,139,ATTGACGGAAGGGCACCA,-0.8,True,63.9,63.87,0.031,TCCCCGTGTTGAGTCAAATTAAGCCGCAAG,0.025,CGGCCATGCATCACCATC,,,,,,,,,,,,
Athaliana_ACT2,42.5,idt_taqman,60,hand,116,CTGGAATCCACGAGACAACCTA,-1.79,True,63.5,63.52,0.017,CCACCACTGAGCACAATGTTACCGTACAGA,0.05,AGCGATACCTGAGAACATAGTGG,,,,,,,,,,,,
SARSCoV2_Ngene,47.2,idt_taqman,60,hand,98,GACGGCATCATATGGGTTGC,3.3,True,63.6,63.65,0.045,CCAAAAGATCACATTGGCACCCGCAATCC,0.047,TGTAGCACGATTGCAGCATTG,,,,,,,,,,,,
human_GC_GNAS,56.2,idt_taqman,60,hand,107,CATCCGGGAGGACAACCA,-1.92,True,63.8,63.84,0.037,TCAGAGCCTCCTGCAGGCGGTT,0.026,TGAGGAACAGGATCACAGAGATG,,,,,,,,,,,,
Ecoli_16S,54.4,idt_taqman,60,hand,116,GAAATGCGTAGAGATCTGGAGGA,-2.75,True,63.4,63.45,0.05,CCCCTGGACGAAGACTGACGCTCA,0.003,GTGGACTACCAGGGTATCTAATCC,,,,,,,,,,,,
